Gene,Weighted_Score,Pathway,CADD_Score_normalized,Log_FC_normalized,MGI_Phenotpe_normalized,Phen2Gene_Score_normalized,EP_Asso_normalized
SCN2A,0.404381409,0,0.533794031,0.766131846,0.875,0.30627,1
SIX3,0.358801446,0,0.559454545,0.762007215,0.375,0.298045,1
ACOX1,0.302214728,0,0.599134199,0.542599535,0,0.279458,1
PLCB4,0.292397743,0.666666667,0.635042116,0.790707536,0.375,0.154208,1
PAH,0.275024881,0,0.596692329,0.76724139,0.625,0.139825,1
ARG1,0.262080273,0,0.453958747,0.613774554,0,0.237708,1
ERBB3,0.261783657,0.5,0.646900433,0.676130041,0.75,0.082553,1
CASP9,0.261512793,0.333333333,0.368761709,0.779912318,1,0.09411,1
SHC1,0.260498219,0.333333333,0.883116883,0.676130041,0.125,0.126718,1
SDHD,0.255168616,0.166666667,0.674038961,0.676130041,0,0.17679,1
CACNA1B,0.245126687,0.666666667,0.727940631,0.440846721,0.25,0.123703,1
ALG9,0.240971796,0,0.626147186,0.414632799,0,0.200412,1
PSPH,0.240414496,0,0.528386724,0.648058287,0.875,0.083247,1
RPGRIP1L,0.24030372,0,0.648199134,0.659438728,0.75,0.077535,1
GRIK2,0.2360598,0,0.61155005,0.787126102,0.625,0.079022,1
OSM,0.235052024,0.5,0.961688312,0.676130041,0.375,0.038319,1
LRP1,0.234658684,0,0.716686456,0.676130041,0.5,0.087015,1
IFNA1,0.233373457,1,0.846753247,0.389595829,0.5,0.04584,1
AAAS,0.232662942,0,0.584654545,0.509216908,0,0.185059,1
PTGS2,0.23124286,0.5,0.465579545,0.713118779,0.25,0.125567,1
GATM,0.228777681,0,0.526179084,0.781607528,0,0.159756,1
PRKACG,0.228500748,0.666666667,0.289563636,0.763652721,0,0.167579,1
ALG10B,0.228340255,0,0.651397403,0.676130041,0.5,0.088609,1
CACNA1E,0.226905609,0.333333333,0.702141002,0.462771514,0,0.146206,1
ERBB4,0.223675534,0.5,0.606311207,0.770239766,0,0.116073,1
CNTNAP2,0.223182529,0,0.58035951,0.775037933,0.625,0.066857,1
NCOR1,0.219910381,0,0.658300557,0.676130041,0,0.136626,1
HSPG2,0.218405085,0,0.610184223,0.676130041,0.25,0.111691,1
CD36,0.217518713,0,0.637839848,0.446261355,0.375,0.115264,1
UPP2,0.215924682,0,1,0.676130041,0,0.074814,1
CES1,0.215800971,0,0.921852814,0.617710445,0.125,0.07841,1
NPC2,0.211699843,0,0.831428571,0.676130041,0,0.096374,1
MAPT,0.208509406,0.333333333,0.730886003,0.676130041,0.125,0.076673,1
KCNQ3,0.207974834,0.166666667,0.556145455,0.541705357,0.375,0.0965,1
TLR4,0.202486779,0.5,0.436223293,0.763247621,0.375,0.068169,1
KCNQ1,0.201952113,0.166666667,0.848497217,0.676130041,0.125,0.056047,1
PTK2B,0.20141017,0.5,0.797056277,0.676130041,0,0.062769,1
PRLR,0.199966084,0.5,0.889506494,0.684475698,0,0.04462,1
PPARG,0.19992798,0,0.478451549,0.784540078,0.125,0.110312,1
FOXO3,0.199768099,0.333333333,0.641906494,0.676130041,0,0.093986,1
SLC2A2,0.197887639,0,0.484125378,0.416740164,0,0.161315,1
IDUA,0.197678036,0,0.529329004,0.676130041,0.25,0.095047,1
LRP2,0.197580293,0,0.441561202,0.498631127,0.5,0.097735,1
POLG,0.196717771,0,0.747949907,0.676130041,0.125,0.073122,1
HDAC4,0.196463312,0,0.460407865,0.764980541,0.375,0.079719,1
GYS2,0.195610101,0.166666667,0.51323349,0.78137106,0,0.105912,1
CXCL10,0.194542268,0.833333333,0.536406926,0.891563587,0,0.056192,1
GBE1,0.193084724,0,0.541649351,0.761673022,0.25,0.077199,1
RPS29,0.192009251,0,0.569833024,0.806322285,0,0.096879,1
IL12B,0.191787854,0.833333333,0.685714286,0.676130041,0,0.050887,1
EGR2,0.191453566,0,0.540206001,0.502360108,0.25,0.102966,1
ERAP2,0.189168522,0,0.976233766,0.791154961,0,0.027735,1
CYP2B6,0.188289053,0,0.701405483,0.676130041,0,0.083924,1
KITLG,0.187971412,0.333333333,0.579327731,0.761093402,0,0.078094,1
CACNB2,0.187471259,0.166666667,0.523682909,0.780498363,0,0.092547,1
NCAM1,0.187246598,0,0.666926407,0.676130041,0.125,0.072748,1
TPK1,0.187132013,0,0.784805195,0.584327818,0,0.078443,1
CTBP2,0.186094918,0,0.652972171,0.676130041,0.25,0.058047,1
ELOVL4,0.18552482,0,0.512917749,0.760880375,0,0.101746,1
PROS1,0.1852662,0,0.464939554,0.76237586,0.375,0.063098,1
ATIC,0.184694489,0,0.595288312,0.676130041,0,0.096147,1
HERC1,0.183720152,0,0.609952775,0.525908221,0.125,0.09316,1
SGPL1,0.183537495,0,0.763376623,0.517562565,0,0.083951,1
ITGA2,0.182615709,0.166666667,0.639735931,0.676130041,0,0.077723,1
LAMP1,0.182226408,0,0.822085343,0.671957213,0,0.055825,1
ENO2,0.181809957,0,0.625194805,0.676130041,0,0.087078,1
CYP7A1,0.181770755,0,0.569674496,0.76962294,0,0.086077,1
SLC38A10,0.181696759,0,0.633766234,0.826351861,0,0.069355,1
RPL14,0.181277202,0,0.531090909,0.715870376,0,0.097475,1
CYP26B1,0.18107828,0,0.613151515,0.547050551,0,0.101878,1
CYP1A1,0.181021097,0,0.620060606,0.676130041,0,0.086782,1
HLA-DRB5,0.180440895,0.166666667,0.759931169,0.676130041,0,0.054865,1
MUC4,0.179793907,0,0.743714472,0.676130041,0,0.064724,1
FLT1,0.179565059,0.5,0.663,0.676130041,0,0.05324,1
TRAPPC10,0.179347107,0,0.760038961,0.676130041,0,0.061401,1
ITGA4,0.179218199,0.166666667,0.739796537,0.676130041,0,0.056404,1
STAT5B,0.178975842,0.5,0.538571429,0.676130041,0,0.072804,1
SYT2,0.178788224,0,0.568362709,0.884268682,0.125,0.054332,1
TNRC6A,0.177635378,0,0.808847403,0.498089366,0,0.070068,1
BSN,0.176722932,0,0.550628571,0.676130041,0.75,0,1
EDN1,0.176532803,0,0.735064935,0.632856266,0.125,0.050762,1
HERC2,0.175898994,0,0.615798442,0.676130041,0,0.08009,1
HLA-DRB1,0.175771468,0.166666667,0.71717316,0.676130041,0,0.055142,1
ACADVL,0.175727838,0,0.595548052,0.500871251,0,0.102011,1
ADAMTS4,0.175663307,0,0.581766234,0.80548772,0.125,0.056095,1
TNIP2,0.175662291,0,0.710581169,0.676130041,0,0.064198,1
CUX2,0.174978862,0,0.489094419,0.903966468,0.125,0.059722,1
LRP5,0.174669241,0.166666667,0.526805195,0.676130041,0,0.084784,1
PAX3,0.174648266,0,0.524565902,0.763953383,0.375,0.037824,1
SPRED2,0.17390638,0,0.593270101,0.764479334,0.125,0.056082,1
IL22,0.173824114,0.333333333,0.8,0.676130041,0,0.030611,1
IRF7,0.173522447,0.333333333,0.651030303,0.755877427,0,0.046041,1
LEF1,0.173276696,0,0.60525127,0.710798422,0.125,0.05898,1
LIFR,0.173101305,0.333333333,0.647692308,0.654570428,0.125,0.041546,1
AOC3,0.172835385,0,0.602137662,0.684475698,0,0.077013,1
GRK5,0.171334414,0.166666667,0.754891775,0.676130041,0,0.042551,1
APOB,0.17130005,0,0.650876383,0.477503413,0,0.089057,1
CACNA1I,0.171098203,0.333333333,0.584283859,0.570640941,0.25,0.042755,1
APC2,0.171080705,0.166666667,0.637996458,0.644833829,0.125,0.0494,1
PDHX,0.170918792,0,0.477337662,0.511998793,0,0.113269,1
COL6A3,0.170916352,0.166666667,0.651033395,0.695856139,0,0.056866,1
DPYD,0.170632626,0,0.509108225,0.738722466,0,0.083264,1
UNC13D,0.170479017,0,0.754961039,0.675086834,0.125,0.034221,1
PODXL,0.170336529,0,0.651356421,0.676130041,0.125,0.050901,1
SETD5,0.169938322,0,0.72330303,0.532584747,0.375,0.023301,1
FZD1,0.16985993,0.166666667,0.607393939,0.759896085,0,0.055615,1
NSUN2,0.169498818,0,0.496155844,0.676130041,0.125,0.075155,1
SARDH,0.169125843,0,0.490995834,0.767396092,0,0.080978,1
PAX5,0.168987572,0,0.794025974,0.676130041,0.25,0.010219,1
BMP2,0.168928794,0.166666667,0.486075663,0.767455097,0.125,0.058034,1
NDUFAF6,0.168206377,0,0.555160173,0.676130041,0,0.078938,1
ITGB5,0.167867088,0.166666667,0.553494615,0.787044161,0,0.058663,1
KAT8,0.167488669,0,0.863636364,0.676130041,0.125,0.011964,1
ADRA2B,0.166946677,0,0.661900433,0.676130041,0,0.059608,1
BMP6,0.166742983,0.166666667,0.557402597,0.836088461,0.25,0.020469,1
DHODH,0.166498745,0,0.513201429,0.761508633,0,0.074177,1
CCT7,0.166484322,0,0.871428571,0.509216908,0,0.042513,1
CCT5,0.166305122,0,0.812207792,0.517562565,0,0.051073,1
MRC1,0.166163519,0,0.71974026,0.761673022,0,0.03979,1
NRG2,0.165707553,0,0.686904368,0.49345289,0,0.073361,1
CNTN5,0.165593042,0,0.575004794,0.770509375,0.125,0.046434,1
PKD1,0.165549146,0,0.657711039,0.659438728,0.375,0.014088,1
CUX1,0.165338337,0,0.70747619,0.834697518,0,0.032759,1
ABCA1,0.164771396,0,0.671570248,0.809660548,0,0.040524,1
DAGLA,0.164692094,0,0.580051948,0.676130041,0.25,0.039126,1
PABPC1,0.163902587,0,0.52450487,0.676130041,0,0.077757,1
EOMES,0.163723325,0,0.753636364,0.764454908,0.125,0.01508,1
GRM4,0.163069014,0,0.597922937,0.850554265,0,0.045753,1
FCER1G,0.162304741,0.166666667,0.625210084,0.767342966,0,0.040989,1
FAT4,0.162040615,0,0.640449675,0.732623717,0,0.049973,1
C2CD3,0.162026692,0,0.607164935,0.503653137,0,0.080035,1
PFAS,0.161866003,0,0.532876282,0.654431334,0,0.075778,1
ALDOB,0.161551426,0,0.387222046,0.801335835,0,0.083424,1
PLCL1,0.160821308,0,0.55903525,0.790655828,0.375,0.009345,1
TH,0.160258515,0,0.463999932,0.458184244,0,0.105861,1
ROBO1,0.160204646,0,0.586401645,0.768125441,0.125,0.037045,1
KDM5B,0.15991358,0,0.556005195,0.467488625,0,0.089268,1
POLRMT,0.158011561,0,0.679460657,0.676130041,0.125,0.028505,1
LRRK2,0.157625938,0.166666667,0.495647955,0.787945576,0.125,0.03795,1
CHD3,0.157526725,0,0.711983766,0.676130041,0,0.037798,1
STAT6,0.157510468,0.333333333,0.522493506,0.676130041,0,0.052599,1
KEL,0.157057231,0,0.733679654,0.676130041,0,0.033561,1
STAB2,0.156566675,0,0.618280303,0.676130041,0,0.051786,1
CACNA1H,0.15655433,0.333333333,0.558025974,0.612703051,0,0.05221,1
TRIM69,0.156305395,0,0.659480519,0.676130041,0.125,0.029321,1
NR4A2,0.155862078,0,0.551253199,0.507168283,0.375,0.033949,1
FUT1,0.155780722,0,0.480728716,0.804653154,0,0.059399,1
AKAP9,0.155276538,0,0.55138843,0.409069028,0,0.089616,1
ZFYVE26,0.154569269,0,0.649361781,0.571809333,0.25,0.024365,1
CHD7,0.154359932,0,0.503670455,0.676130041,0.5,0.006091,1
TBP,0.154139184,0,0.616064935,0.484179938,0,0.069287,1
PCDH15,0.153982706,0,0.525863707,0.796803437,0.375,0.004258,1
PCLO,0.153638851,0,0.67727013,0.676130041,0,0.037883,1
CHL1,0.153039143,0,0.495197275,0.860438345,0.125,0.031742,1
DYSF,0.152557715,0,0.648341818,0.676130041,0,0.041069,1
PYGO1,0.15249388,0,0.750649351,0.598634658,0,0.032525,1
NRCAM,0.152148369,0,0.631376623,0.588500646,0.125,0.037356,1
MPO,0.152014551,0,0.547071429,0.859734488,0,0.037157,1
NEB,0.152004501,0,0.630818388,0.673095257,0,0.043472,1
GC,0.151891502,0,0.554034632,0.413241856,0.375,0.037863,1
PTH,0.151709184,0,0.379649351,0.812503998,0.25,0.038606,1
ARHGEF7,0.151670005,0,0.746493506,0.409069028,0,0.052402,1
KNTC1,0.15153167,0,0.619666667,0.772939659,0,0.033883,1
PLXNB1,0.151042578,0,0.614761239,0.676130041,0,0.044392,1
CLU,0.150764301,0,0.788268398,0.555337642,0,0.028513,1
HCN4,0.15016833,0,0.599974026,0.676130041,0.125,0.030228,1
SOX5,0.150163963,0,0.63116708,0.849723404,0,0.021766,1
CUBN,0.150156662,0,0.598981665,0.67300042,0,0.046039,1
ATAD3B,0.15008439,0,0.741138135,0.481398052,0,0.043215,1
TAF1C,0.150074423,0,0.743131494,0.676130041,0,0.021934,1
NDRG4,0.149704759,0,0.676387249,0.976983965,0,0,0
CPEB2,0.149219331,0,0.624444156,0.649006657,0.25,0.012432,1
KCNH5,0.14909165,0,0.592756917,0.802149457,0,0.031636,1
SULT1C2,0.148935649,0,0.678571429,0.609364788,0,0.038062,1
PDYN,0.148400173,0.166666667,0.522601338,0.447701882,0.25,0.041473,1
MSH6,0.148396264,0,0.728306494,0.577373104,0,0.032564,1
EFNB2,0.147319,0,0.611976912,0.760149479,0,0.030441,1
RAG2,0.147274799,0,0.502502164,0.773746417,0,0.046876,1
MID2,0.146457449,0,0.535948052,0.676130041,0,0.050706,1
MUSK,0.146420125,0,0.720037106,0.757500194,0,0.0117,1
CKAP2L,0.14633534,0,0.707324675,0.846752355,0,0.004066,1
SRPX2,0.14632302,0,0.59748806,0.762984827,0,0.031076,1
CTLA4,0.146321109,0,0.504171429,0.787965163,0,0.043697,1
ADAMTS16,0.146113269,0,0.621077922,0.513985855,0,0.053678,1
DAGLB,0.145949073,0,0.66005368,0.44523354,0.125,0.039111,1
COL20A1,0.145595549,0,0.690769944,0.827395068,0,0.007796,1
TRPV1,0.145584316,0,0.573747681,0.676130041,0.125,0.027916,1
PLEC,0.145521822,0,0.668686955,0.517562565,0,0.044629,1
LSS,0.145170707,0,0.489217069,0.50504408,0,0.074913,1
DCHS1,0.144541887,0,0.560310451,0.675086834,0,0.044057,1
PAPPA,0.143979778,0,0.521017447,0.761615378,0,0.040388,1
ZCCHC17,0.143764853,0,0.776623377,0.744337704,0,0,0
TTN,0.143623989,0,0.677705388,0.676130041,0,0.02336,1
EPB41L3,0.143572825,0,0.463905024,0.762916022,0.25,0.018374,1
RIN2,0.142997844,0,0.712005772,0.640661,0,0.020643,1
RXFP1,0.142801277,0,0.553043948,0.76488897,0,0.033081,1
ZBTB20,0.142368033,0,0.585584416,0.781285315,0,0.025354,1
CD3G,0.142275312,0.166666667,0.37687416,0.710207702,0,0.058973,1
FAM20C,0.142020863,0,0.782770563,0.691430412,0,0.002164,1
ELMOD1,0.141728468,0,0.766233766,0.732862132,0,0,0
EVPL,0.141515149,0,0.657627329,0.676130041,0,0.023611,1
TDP1,0.141454697,0,0.767988868,0.684475698,0,0.00452,1
ATP8B2,0.140946844,0,0.663968254,0.525908221,0,0.037904,1
ANKRD22,0.140586297,0,0.748571429,0.676130041,0,0.00735,1
KIAA0930,0.140421716,0,0.662337662,0.87384524,0,0,0
CD3D,0.140232805,0.166666667,0.364324675,0.709766438,0,0.058132,1
TNC,0.139679567,0.166666667,0.523052259,0.483162227,0.25,0.025002,1
HNF1B,0.139536864,0,0.654519481,0.511601381,0,0.038958,1
TTC28,0.138833117,0,0.642836735,0.808617341,0,0.007921,1
SMG6,0.138582562,0,0.560630092,0.759836629,0,0.026292,1
TRPM1,0.13850204,0,0.647674144,0.676130041,0,0.020896,1
MTMR9,0.138183304,0,0.661324675,0.676130041,0.125,0.002868,1
MPP2,0.138152122,0,0.734957792,0.732588179,0,0,0
TRAT1,0.137954019,0,0.443043506,0.711271026,0,0.049899,1
CXCL1,0.137792762,0.666666667,0.329665224,0.457951183,0,0.062979,1
HIVEP1,0.137530467,0,0.647418182,0.676130041,0,0.019536,1
SMARCA1,0.137416973,0,0.611255411,0.768910804,0.125,0,1
FAM111A,0.137160246,0,0.680025974,0.676130041,0,0.013652,1
PCDH7,0.137127545,0,0.630491966,0.762259856,0,0.01247,1
KIAA0586,0.136952836,0,0.680193625,0.517562565,0,0.030376,1
LRRIQ4,0.136831824,0,0.760348794,0.676130041,0,0,1
TLN2,0.136768071,0,0.650781818,0.676130041,0,0.017884,1
BCL7C,0.136453533,0,0.719480519,0.733408176,0,0,0
RHBDD2,0.135840624,0,0.600519481,0.906687675,0,0,0
OTUD7A,0.135764685,0,0.586848485,0.523821807,0,0.043303,1
TMEM230,0.135715827,0,0.659281385,0.815357123,0,0,0
FERMT3,0.135543786,0,0.596483117,0.834697518,0,0.007975,1
TGFB1I1,0.135455869,0,0.596219873,0.783719526,0,0.013373,1
SPOCK2,0.135388086,0,0.556168831,0.96828269,0,0,0
COL21A1,0.13500446,0,0.646761039,0.678406129,0,0.015754,1
RFX4,0.134871297,0,0.688888889,0.758850292,0,0,0
IQSEC1,0.13486111,0,0.672555195,0.676130041,0,0.01156,1
SLC28A1,0.134827392,0,0.406469317,0.390744845,0,0.085854,1
HLA-C,0.13468845,0.166666667,0.259844156,0.737887901,0,0.064249,1
ATRNL1,0.134451524,0,0.631883117,0.840193507,0,0,0
RAPGEFL1,0.134451324,0,0.739411255,0.676130041,0,0,1
DNAH14,0.134430071,0.166666667,0.584908052,0.744749885,0,0.009807,1
PLEKHH1,0.133763517,0,0.701093795,0.676130041,0,0.005294,1
RUNDC3A,0.133564625,0,0.615584416,0.853159364,0,0,0
CNRIP1,0.133461947,0,0.670779221,0.767568128,0,0,0
EXD3,0.132978207,0,0.726454545,0.676130041,0,0,1
DNAH7,0.132709385,0.166666667,0.586305068,0.719527456,0,0.009807,1
VPS13A,0.132481838,0,0.627113636,0.676130041,0,0.015582,1
CAPG,0.132480173,0,0.726406926,0.669519274,0,0,0
PRAMEF1,0.132361494,0,0.720588277,0.534253878,0.125,0,1
CXCL8,0.132291456,1,0.372207792,0.753651791,0,0,1
LRRC18,0.132142992,0,0.705433766,0.696994183,0,0,1
ROGDI,0.13210888,0,0.513175325,0.513389736,0.125,0.035908,1
CDC42EP1,0.132034427,0,0.717787879,0.676130041,0,6.00E-05,1
JPH4,0.131891823,0,0.587647908,0.87333506,0,0,0
PIK3IP1,0.131821101,0,0.671572872,0.744337704,0,0,0
PDZD4,0.131697292,0,0.606926407,0.84131042,0,0,0
MLF2,0.13163501,0,0.574698243,0.889646658,0,0,0
RIMS3,0.131551315,0,0.592207792,0.861808351,0,0,0
BRINP1,0.131301227,0,0.653679654,0.764661723,0,0,0
CCL4,0.131266276,0.666666667,0.474628668,0.416055094,0,0.034283,1
CCDC186,0.131051372,0,0.838961039,0.478616167,0,0,1
F13A1,0.130716397,0,0.439809068,0.788232275,0,0.03171,1
ZYG11A,0.130657764,0,0.764025974,0.587666081,0,0,0
GPR137B,0.130110545,0,0.667532468,0.727547343,0,0,0
HHATL,0.130013732,0,0.591465677,0.842306859,0,0,0
PCDHA10,0.129908187,0,0.699452381,0.676130041,0,0,1
AAGAB,0.129887401,0,0.677922078,0.708700904,0,0,0
ANKRD30A,0.129823484,0,0.653907792,0.676130041,0,0.00735,1
MAST4,0.129760755,0,0.710189394,0.657769597,0,0,1
LZTS2,0.129632739,0,0.632402597,0.774734682,0,0,0
BBX,0.129447863,0,0.608328217,0.80898514,0,0,0
WDFY3,0.129252947,0,0.498241187,0.676130041,0.25,0.001409,1
SETD1B,0.128756216,0,0.58518411,0.676130041,0,0.017085,1
LZTS3,0.128753901,0,0.609090909,0.798508764,0,0,0
DNAH6,0.128585619,0.166666667,0.650954046,0.56555009,0,0.009807,1
ITM2A,0.128511813,0,0.6,0.809130466,0,0,0
AGBL5,0.128360953,0,0.677063806,0.689526069,0,0,0
ABCC2,0.128246726,0,0.649336219,0.528690107,0,0.021679,1
SACS,0.127966817,0,0.532246753,0.676130041,0,0.024631,1
PODXL2,0.127723064,0,0.616883117,0.772786381,0,0,0
BHLHE41,0.127700032,0,0.479016104,0.763707807,0,0.023562,1
PLXNA1,0.127652938,0,0.570107143,0.59058706,0,0.027165,1
MYO3B,0.127600037,0,0.585721212,0.676130041,0.125,0,1
TUBGCP6,0.127562471,0,0.606044309,0.676130041,0,0.01194,1
IL1RN,0.127413013,0.166666667,0.365007261,0.772770738,0,0.032746,1
CCDC124,0.12730095,0,0.596103896,0.798825613,0,0,0
COLQ,0.127251055,0,0.662891775,0.676130041,0,0.002164,1
CDIP1,0.127221694,0,0.581818182,0.81955842,0,0,0
FAM107B,0.127057483,0,0.569238551,0.836548123,0,0,0
SH3PXD2A,0.126629751,0,0.627227944,0.742330952,0,0,0
CLIP2,0.126588429,0,0.559977414,0.844383756,0,0,0
DBNDD1,0.126554037,0,0.584415584,0.806635751,0,0,0
CLPTM1,0.126508661,0,0.541142857,0.87205007,0,0,0
PCDHGA4,0.126037965,0,0.70278961,0.619101387,0,0,1
KMT2C,0.125815937,0,0.609913087,0.676130041,0,0.008785,1
CDV3,0.125810437,0,0.597402597,0.776842017,0,0,0
GPR179,0.12573993,0,0.693422078,0.629394364,0,0,1
C2CD5,0.125547346,0,0.616883117,0.743589086,0,0,0
EHBP1,0.125367948,0,0.618828001,0.73821423,0,0,0
RABL2B,0.125274954,0,0.618181818,0.737952201,0,0,0
TMEM54,0.125246694,0,0.640692641,0.703227126,0,0,0
SOWAHB,0.125196435,0,0.40272545,0.854727094,0.125,0.00735,1
LRRC63,0.125171799,0,0.726714286,0.570974767,0,0,1
MAGI3,0.125066257,0,0.646294372,0.597680869,0,0.01017,1
CTTNBP2,0.124987097,0,0.562119481,0.608722814,0.125,0.00735,1
IFI27L2,0.124911732,0,0.6,0.760818768,0,0,0
TMEM98,0.124883368,0,0.61038961,0.744586213,0,0,0
MTFR1L,0.124688511,0,0.598894439,0.759510033,0,0,0
FCGBP,0.124330924,0,0.650397922,0.676130041,0,0,1
EPHB6,0.124199447,0,0.583641558,0.517808025,0,0.027787,1
FRMD4B,0.124086431,0,0.604197964,0.743338509,0,0,0
CRIM1,0.12402336,0,0.581541624,0.777059976,0,0,1
SPA17,0.123944475,0,0.805194805,0.434763092,0,0,0
SEC14L5,0.123738937,0,0.634632035,0.692240569,0,0,0
PLXNA4,0.123638526,0,0.564002597,0.546494174,0,0.027115,1
PCNX4,0.123627088,0,0.579220779,0.632732627,0.125,0,1
TMEM59,0.123476925,0,0.51019295,0.878587086,0,0,0
YBX3,0.1234458,0,0.664935065,0.642072007,0,0,0
KANK1,0.123400809,0,0.622195986,0.706677287,0,0,0
DGCR2,0.123285623,0,0.571428571,0.782589796,0,0,0
GZMH,0.12308693,0,0.366638528,0.711381534,0,0.040969,1
APMAP,0.122938974,0,0.583506494,0.759510033,0,0,0
SPATS2,0.122874436,0,0.654745255,0.649951609,0,0,0
TXNL1,0.122854698,0,0.602597403,0.729251179,0,0,0
CCDC85A,0.122522226,0,0.671428571,0.61977056,0,0,0
TMEM248,0.122515255,0,0.581818182,0.756399836,0,0,0
ATE1,0.122388679,0,0.550649351,0.802257001,0,0,0
TBL2,0.122383192,0,0.459864935,0.676130041,0,0.028449,1
FAHD2A,0.122336689,0,0.641558442,0.662854991,0,0,0
CPQ,0.121949032,0,0.587734488,0.739774542,0,0,0
YIPF4,0.121729375,0,0.63982684,0.657347062,0,0,0
C1orf21,0.121710976,0,0.644155844,0.650495187,0,0,0
YLPM1,0.121671387,0,0.576944232,0.752511862,0,0,0
ISOC1,0.121404415,0,0.701298701,0.559195694,0,0,0
MMP3,0.121357663,0.166666667,0.450170423,0.380935252,0,0.05217,1
ATG2A,0.121349482,0.166666667,0.533868398,0.676130041,0,0.006684,1
WWC2,0.12125532,0,0.678045455,0.592673475,0,0,1
PACRG,0.121137042,0,0.606168831,0.700751807,0,0,0
CCDC9,0.121051712,0,0.640519481,0.647196286,0,0,0
LUC7L,0.12103922,0,0.670779221,0.600859935,0,0,0
RHBDL1,0.120886812,0,0.672727273,0.595842443,0,0,0
MFSD1,0.120870021,0,0.58495671,0.729532822,0,0,0
YPEL3,0.120859409,0,0.477142857,0.893887131,0,0,0
CTC1,0.120841409,0,0.703714286,0.478616167,0,0.007456,1
FAT1,0.120835133,0,0.482132612,0.826411508,0,0.006402,1
RCOR3,0.120812672,0,0.588811189,0.722882261,0,0,0
SASH1,0.12039563,0,0.498707792,0.854760749,0,0,0
RPF1,0.120384077,0,0.675324675,0.585132955,0,0,0
RASL10A,0.120313623,0,0.612987013,0.67929901,0,0,0
VWA8,0.120152222,0,0.622989305,0.661872109,0,0,0
DPP8,0.120147374,0,0.576958525,0.732038396,0,0,0
BZW1,0.119921766,0,0.538701299,0.78738168,0,0,0
CINP,0.119866981,0,0.665454545,0.593253045,0,0,0
SLC7A6OS,0.119624463,0,0.666233766,0.588809649,0,0,0
PHTF2,0.119508053,0,0.675324675,0.573377051,0,0,0
CXCR6,0.119490854,0.333333333,0.397446906,0.506640929,0,0.036477,1
PCDHA4,0.11930075,0,0.690979592,0.545937797,0,8.30E-05,1
OR10Z1,0.119189131,0,0.431558442,0.676130041,0,0.028484,1
PCDHA7,0.119019646,0,0.745899815,0.459142968,0,0,1
AFAP1L2,0.118880483,0,0.476761039,0.676130041,0.125,0.005294,1
ANKRD44,0.118863589,0,0.607558972,0.668121939,0,0,0
ATRN,0.118612377,0,0.575112161,0.714256409,0,0,0
ATP9A,0.118583693,0,0.385608369,0.763771406,0,0.025725,1
GDAP1L1,0.118546188,0,0.603246753,0.670441902,0,0,0
HM13,0.118514728,0,0.579220779,0.706677287,0,0,0
RASEF,0.118406079,0,0.474565159,0.761744929,0,0.011092,1
PIBF1,0.118307079,0,0.642987013,0.571809333,0,0.003741,1
C19orf25,0.118288259,0,0.581818182,0.699675176,0,0,0
TM9SF4,0.118244725,0,0.576623377,0.707016927,0,0,0
TBC1D19,0.118181132,0,0.633246753,0.61977056,0,0,0
FAM120A,0.117944332,0,0.505732839,0.811146821,0,0,0
CHADL,0.117924123,0,0.55886209,0.729813808,0,0,0
STK31,0.117778535,0,0.586714286,0.676130041,0,0.000993,1
GLT8D1,0.117743351,0,0.59010101,0.679725214,0,0,0
VPS13D,0.117696124,0,0.570913992,0.708365988,0,0,0
NDRG3,0.117630767,0,0.512727273,0.796267166,0,0,0
ENPP5,0.117571196,0,0.614805195,0.639722618,0,0,0
LMAN1L,0.117428855,0,0.373912943,0.472024205,0,0.057349,1
UBFD1,0.117410317,0,0.579220779,0.69185651,0,0,0
IL17F,0.117291299,0.333333333,0.456038961,0.431324112,0,0.031789,1
PIH1D1,0.117278223,0,0.593003247,0.669055295,0,0,0
GUCY1A3,0.117232968,0,0.518687093,0.781835675,0,0,1
MEST,0.117199575,0,0.545454545,0.74054718,0,0,0
MRTO4,0.1169633,0,0.622077922,0.620468546,0,0,0
HEATR6,0.116907717,0,0.698838004,0.502606141,0,0,0
BCAS1,0.116894576,0,0.379203095,0.990111941,0,0,0
NELFCD,0.116527529,0,0.6,0.648305993,0,0,0
HEPHL1,0.116501962,0,0.562491342,0.676130041,0,0.003125,1
NBAS,0.116489217,0,0.55577804,0.534253878,0,0.019464,1
NAV3,0.116249134,0,0.527445888,0.755269289,0,0,0
EBNA1BP2,0.116019999,0,0.58961039,0.657347062,0,0,0
PDRG1,0.115872592,0,0.664935065,0.540442479,0,0,0
DNTT,0.115760484,0,0.499386425,0.762517659,0,0.003119,1
HS1BP3,0.115665384,0,0.582242424,0.663829915,0,0,0
DPF1,0.115645477,0,0.605194805,0.628543239,0,0,0
CELSR2,0.115606138,0,0.633947013,0.473052396,0,0.011946,1
PALM,0.115469875,0,0.420927644,0.907331884,0,0,0
HECA,0.115453371,0,0.587012987,0.653706108,0,0,0
CCDC86,0.11537557,0,0.642424242,0.56811847,0,0,0
ILVBL,0.11537402,0,0.561058941,0.692240569,0,0,0
NOL4,0.115359438,0,0.625808737,0.593253045,0,0,0
C2orf42,0.115324296,0,0.600681818,0.631118789,0,0,0
SENP6,0.115216148,0,0.495064935,0.790812179,0,0,0
ISOC2,0.11510512,0,0.572380952,0.671357514,0,0,0
MIEF1,0.115014915,0,0.596307978,0.633640397,0,0,0
TMED8,0.114869822,0,0.566233766,0.677578947,0,0,0
PPM1D,0.114819253,0,0.568935065,0.616041313,0,0.006101,1
ETV3,0.114727073,0,0.605194805,0.616218609,0,0,0
LDB3,0.114716386,0,0.580185529,0.654233033,0,0,0
MOSPD3,0.114437481,0,0.58961039,0.636110276,0,0,0
KXD1,0.114382009,0,0.476103896,0.808548108,0,0,0
ITFG2,0.11436131,0,0.618181818,0.591495315,0,0,0
ZFAND6,0.114301068,0,0.504155844,0.764661723,0,0,0
FAM98A,0.114294186,0,0.581818182,0.646076256,0,0,0
ARRDC2,0.114281816,0,0.545874126,0.700751807,0,0,0
KNG1,0.114207965,0,0.263537436,0.760481235,0,0.039792,1
FRY,0.114178927,0,0.548073593,0.696015248,0,0,0
OGFOD1,0.114001852,0,0.624242424,0.577424571,0,0,0
COCH,0.113961547,0,0.626540732,0.573377051,0,0,0
TXNDC15,0.113932063,0,0.524675325,0.728402275,0,0,0
C1orf54,0.113829583,0,0.579220779,0.643804445,0,0,0
TCEANC2,0.113701687,0,0.640692641,0.548297593,0,0,0
SMARCAL1,0.113448207,0,0.659991342,0.475834281,0,0.00426,1
PDCL3,0.113273093,0,0.594805195,0.612558681,0,0,0
ANGEL1,0.113182876,0,0.529264069,0.711347217,0,0,0
TMEM147,0.113078434,0,0.505269017,0.74655603,0,0,0
FAM199X,0.11295647,0,0.527272727,0.711347217,0,0,0
CCDC91,0.112946752,0,0.473026368,0.793983041,0,0,0
TASP1,0.11287656,0,0.619047619,0.570249541,0,0,0
TBC1D30,0.112870904,0,0.616948052,0.573377051,0,0,0
MRPS22,0.112842754,0,0.446714286,0.484179938,0,0.03748,1
CLDND1,0.112760766,0,0.336363636,1,0,0,0
CNPPD1,0.112739177,0,0.520375859,0.718954106,0,0,0
FAT3,0.112595333,0,0.534128503,0.676130041,0,0.002141,1
MPND,0.112509684,0,0.558400547,0.657858325,0,0,0
CCDC92,0.11212877,0,0.478701299,0.774347536,0,0,0
PLXDC2,0.112113787,0,0.503636364,0.736101854,0,0,0
PRDM11,0.112113157,0,0.598990724,0.590606733,0,0,0
ACCS,0.112055689,0,0.443974026,0.826351861,0,0,1
TRIB2,0.111983199,0,0.542857143,0.67450841,0,0,0
AP5M1,0.111938699,0,0.546345083,0.668589521,0,0,0
STAU2,0.111930915,0,0.454545455,0.808548108,0,0,0
AEBP1,0.111514376,0,0.474707792,0.772195689,0,0,0
NCKAP5,0.111457065,0,0.431917571,0.836713668,0,0,1
NPSR1,0.111337956,0,0.517120515,0.445422725,0,0.027925,1
CBLN1,0.111328918,0,0.722077922,0.392282561,0,0,0
LMBR1,0.111275823,0,0.589321789,0.59412238,0,0,0
OSBP2,0.11122426,0,0.465539038,0.782291649,0,0,1
ZFP57,0.111013414,0,0.226244755,0.497146985,0,0.069617,1
EFR3B,0.111012503,0,0.45038961,0.80256415,0,0,0
DCAF17,0.110875831,0,0.597402597,0.576425375,0,0,0
C5orf15,0.110686278,0,0.574025974,0.609548465,0,0,0
MREG,0.110603842,0,0.602597403,0.564849426,0,0,0
CRYBB3,0.110583275,0,0.718614719,0.387560294,0,0,0
CAMSAP2,0.110487623,0,0.459102273,0.782227138,0,0,0
FAM184A,0.110419514,0,0.539350649,0.658874385,0,0,0
LANCL1,0.110388804,0,0.415184815,0.847907979,0,0,0
FAM172A,0.110347723,0,0.533896104,0.666233235,0,0,0
TMCC3,0.110263073,0,0.521838162,0.683494639,0,0,0
MEGF9,0.110226117,0,0.459959184,0.7774104,0,0,0
SEZ6L,0.110214446,0,0.42974026,0.823360226,0,0,0
SPATA20,0.110069073,0,0.529291536,0.669519274,0,0,0
FOXRED2,0.109932437,0,0.518660287,0.683906272,0,0,0
SMIM8,0.109875504,0,0.611306341,0.541787771,0,0,0
TMEM260,0.109866117,0,0.607792208,0.547023481,0,0,0
FRYL,0.1098381,0,0.463943896,0.766123695,0,0,0
NISCH,0.109835821,0,0.412773109,0.844166815,0,0,0
TBC1D22B,0.109830646,0,0.602597403,0.554473427,0,0,0
RRP12,0.109574733,0,0.54604329,0.637326472,0,0,0
SRPX,0.10939883,0,0.575703756,0.589711544,0,0,0
ZZEF1,0.109323257,0,0.554425575,0.62116251,0,0,0
SUPT20H,0.109031261,0,0.590227273,0.562619689,0,0,0
NCR1,0.109030888,0.166666667,0.180987803,0.780092374,0,0.035624,1
HEATR5B,0.108972971,0,0.500836941,0.698224528,0,0,0
ERGIC2,0.108847165,0,0.497142857,0.7021725,0,0,0
AREL1,0.108759755,0,0.562775974,0.600859935,0,0,0
ACSM2A,0.108620067,0,0,0.760784313,0,0.074933,1
GLCCI1,0.108318632,0,0.558896104,0.600859935,0,0,0
CD160,0.108176293,0,0.265382395,0.73215915,0,0.033831,1
GINM1,0.108034971,0,0.504155844,0.680573121,0,0,0
CRISPLD1,0.107985661,0,0.592949907,0.544434083,0,0,0
FAM20B,0.107969352,0,0.505541125,0.677578947,0,0,0
ABCC12,0.107945896,0,0.62414681,0.463315796,0,0.003547,1
ADCK1,0.107788145,0,0.617422577,0.504444381,0,0,0
FTSJ3,0.107626692,0,0.579362456,0.560347879,0,0,0
RFX3,0.107519242,0,0.450961039,0.754814081,0,0,0
SNPH,0.107447159,0,0.413593074,0.81086083,0,0,0
KLRF1,0.107429524,0,0.308340909,0.712457298,0,0.027824,1
LGALSL,0.107377973,0,0.581818182,0.553263343,0,0,0
KIAA1191,0.107353914,0,0.411285714,0.813129964,0,0,0
MFSD10,0.107318867,0,0.508831169,0.663829915,0,0,0
TRPV5,0.107252329,0,0.491430405,0.480977401,0,0.022421,1
CCDC28A,0.107027846,0,0.523246753,0.637929994,0,0,0
ZC3HC1,0.107017235,0,0.604879406,0.51323678,0,0,0
KNOP1,0.106936942,0,0.52988961,0.626574764,0,0,0
TMEM104,0.106872884,0,0.566937951,0.56918872,0,0,0
NPTX2,0.10670489,0,0.526558442,0.628543239,0,0,0
PTK7,0.106667036,0,0.584859877,0.539081985,0,0,0
FERMT1,0.106537104,0,0.674083694,0.401205336,0,0,0
EMC9,0.106444047,0,0.637597403,0.455625419,0,0,0
OTOF,0.10632261,0,0.636529309,0.455625419,0,0,0
EPDR1,0.106260172,0,0.416961039,0.789793253,0,0,0
TM9SF1,0.105975671,0,0.583395176,0.532038903,0,0,0
KLRD1,0.105951222,0.166666667,0.230660941,0.712413033,0,0.030308,1
CEP170B,0.105900164,0,0.42637013,0.770606196,0,0,0
FAM118A,0.105894338,0,0.477179963,0.693005031,0,0,0
KIAA2013,0.105884367,0,0.469935065,0.703925113,0,0,0
CRYZ,0.105664473,0,0.51530303,0.631754159,0,0,0
KHNYN,0.105494989,0,0.511762523,0.634881669,0,0,0
CCDC61,0.105401603,0,0.529568496,0.606461055,0,0,0
SYNGR2,0.105357542,0,0.441298701,0.74054718,0,0,0
C12orf57,0.10534306,0,0.371428571,0.846957012,0,0,0
C1QTNF7,0.105323017,0,0.409663589,0.788351067,0,0,1
YTHDC2,0.105274983,0,0.531059467,0.602487019,0,0,0
SYPL1,0.105257316,0,0.470092764,0.69526972,0,0,0
MON2,0.10524599,0,0.477981447,0.683081595,0,0,0
PRUNE2,0.105238794,0,0.390056137,0.817136838,0,0,0
TRHDE,0.105153327,0,0.633766234,0.444149847,0,0,0
METTL24,0.105119708,0,0.56521039,0.548297593,0,0,0
RRP15,0.105117434,0,0.624155844,0.458331204,0,0,0
FAM76B,0.105079673,0,0.594805195,0.502606141,0,0,0
HOOK2,0.105061819,0,0.557558442,0.559195694,0,0,0
BSPRY,0.105051147,0,0.58221645,0.521430579,0,0,0
LETMD1,0.104915238,0,0.514753247,0.622538552,0,0,0
ENKD1,0.104521598,0,0.562481963,0.544434083,0,0,0
GRAMD1A,0.104489241,0,0.450683983,0.714575356,0,0,0
NT5C3A,0.104395282,0,0.581818182,0.51323678,0,0,0
PHEX,0.104184836,0,0.662337662,0.387560294,0,0,0
TANGO6,0.104140363,0,0.553341991,0.553263343,0,0,0
FNDC7,0.1041069,0,0.429953247,0.738126348,0,0.000317,1
TMEM161A,0.10404252,0,0.551688312,0.554473427,0,0,0
MTFR1,0.103850834,0,0.582792208,0.504444381,0,0,0
NFAT5,0.103816949,0,0.450844156,0.705309063,0,0,0
MTPAP,0.103489043,0,0.477733766,0.659881942,0,0,0
CRTAC1,0.103447695,0,0.50007215,0.625244337,0,0,0
QSER1,0.103437881,0,0.499985832,0.625244337,0,0,0
VPS9D1,0.103357501,0,0.45025974,0.700035124,0,0,0
KIAA1217,0.1031505,0,0.476417532,0.657347062,0,0,0
CCNI,0.102981374,0,0.272727273,0.965857349,0,0,0
LRRC40,0.102960202,0,0.528441558,0.575417818,0,0,0
MOXD1,0.102955611,0,0.568051948,0.514920757,0,0,0
LIMCH1,0.10270485,0,0.335180685,0.866858371,0,0,0
C5orf22,0.102609084,0,0.578087367,0.494958976,0,0,0
LRRC39,0.102561257,0,0.584415584,0.484661903,0,0,0
SPAG7,0.102500883,0,0.432987013,0.71489346,0,0,0
WSCD2,0.102456285,0,0.524675325,0.574401758,0,0,0
TTLL12,0.102418728,0,0.472022263,0.654233033,0,0,0
C3orf18,0.102220307,0,0.498571429,0.61106298,0,0,0
CSMD2,0.102080795,0,0.554041093,0.524558089,0,0,0
CCSER2,0.10207967,0,0.372935065,0.80086505,0,0,0
NOMO3,0.101977599,0,0.594805195,0.460977517,0,0,0
DNPH1,0.10195822,0,0.434948052,0.704619077,0,0,0
FBRSL1,0.101835319,0,0.424875325,0.718338236,0,0,0
IL9,0.10159785,0.333333333,0.312701299,0.455584046,0,0.030051,1
CAPRIN2,0.101498088,0,0.455129477,0.667652533,0,0,0
TMEM109,0.101319767,0,0.44025974,0.687946999,0,0,0
PITRM1,0.101318041,0,0.443705069,0.682667128,0,0,0
NOVA2,0.101293096,0,0.415584416,0.725237395,0,0,0
SRBD1,0.101225978,0,0.575541125,0.480283152,0,0,0
NUDCD3,0.100943732,0,0.47012987,0.637326472,0,0,0
BCLAF1,0.100936764,0,0.554515002,0.505878645,0,0.00028,1
NDC1,0.100932755,0,0.565974026,0.490945192,0,0,0
ST7L,0.100931587,0,0.532640693,0.541787771,0,0,0
ODF2L,0.100899727,0,0.427473436,0.701818895,0,0,0
ECD,0.100859735,0,0.447686688,0.670441902,0,0,0
BRD9,0.100844372,0,0.485489177,0.612558681,0,0,0
WFDC1,0.100821781,0,0.570538034,0.482492432,0,0,0
FLYWCH1,0.100775146,0,0.394691012,0.750164763,0,0,0
TMEM38A,0.100772604,0,0.461428571,0.648305993,0,0,0
KCTD20,0.100715314,0,0.432380952,0.69185651,0,0,0
HERPUD2,0.100680172,0,0.415324675,0.717408483,0,0,0
NOP16,0.100622984,0,0.489090909,0.604092408,0,0,0
THADA,0.100617279,0,0.515488548,0.563739719,0,0,0
RFX2,0.100548844,0,0.473271104,0.627234505,0,0,0
RECQL,0.100416116,0,0.524675325,0.547023481,0,0,0
TRMT1L,0.100387325,0,0.492987013,0.594985483,0,0,0
MRPS27,0.100331394,0,0.488019481,0.509216908,0,0.009957,1
VCPKMT,0.100277298,0,0.619025974,0.401205336,0,0,0
LRRC42,0.100239056,0,0.515902597,0.558032377,0,0,0
RERGL,0.100210853,0,0.618441558,0.401205336,0,0,0
LZTS1,0.100204366,0,0.493087198,0.592377388,0,0,0
MCUR1,0.100160482,0,0.481948052,0.608784003,0,0,0
TOX2,0.100116755,0,0.487838044,0.599210562,0,0,0
AGFG2,0.100076654,0,0.411042672,0.715842761,0,0,0
RHBDF1,0.099732646,0,0.526606061,0.534905762,0,0,0
WDR83OS,0.099640914,0,0.355350649,0.794967262,0,0,0
CCDC77,0.099613268,0,0.528391608,0.530579463,0,0,0
GRAMD4,0.099596737,0,0.402207792,0.722882261,0,0,0
RHBDD3,0.099564631,0,0.517186147,0.547023481,0,0,0
TTLL1,0.09953583,0,0.497662338,0.576425375,0,0,0
SEZ6,0.099527932,0,0.392243002,0.737162674,0,0,0
MOK,0.099364865,0,0.537573479,0.51323678,0,0,0
DRG2,0.099204624,0,0.485454545,0.590606733,0,0,0
TPD52L2,0.099148881,0,0.39012987,0.735300059,0,0,0
ZCCHC8,0.098985385,0,0.50261039,0.561489142,0,0,0
SEC14L3,0.098774053,0,0.6550586,0.326055675,0,0,0
CTBS,0.098726337,0,0.624415584,0.372168852,0,0,0
TXNDC16,0.098696539,0,0.486430195,0.582299827,0,0,0
MORN1,0.098688417,0,0.527298701,0.519835822,0,0,0
TMEM59L,0.098602858,0,0.259168831,0.927786124,0,0,0
OGFOD2,0.098588959,0,0.512036255,0.541787771,0,0,0
PROX2,0.098472072,0,0.528617265,0.514920757,0,0,0
TM9SF3,0.098312307,0,0.380519481,0.738736584,0,0,0
CCM2L,0.098291947,0,0.557402597,0.468584406,0,0,0
PCDHB5,0.098181403,0,0.492615956,0.565948999,0,0,0
PRRC2C,0.098155817,0,0.354918536,0.775697136,0,0,0
CEP85L,0.097961953,0,0.434565079,0.651575036,0,0,0
NPR3,0.097951503,0,0.533333333,0.5007394,0,0,0
XPNPEP1,0.097950238,0,0.485714286,0.573377051,0,0,0
ISM1,0.097941416,0,0.604329004,0.392282561,0,0,0
SUSD2,0.097856885,0,0.498076067,0.553263343,0,0,0
TM7SF3,0.097759765,0,0.355034377,0.770205522,0,0,0
AGBL4,0.097666973,0,0.35856917,0.763567092,0,0,1
AFTPH,0.097532974,0,0.445887446,0.628543239,0,0,0
DNAJC21,0.097397283,0,0.380987013,0.676130041,0,0.005335,1
SAP25,0.097045049,0,0.587266234,0.406287142,0,0,1
METTL4,0.096753607,0,0.507186147,0.524558089,0,0,0
CROCC,0.096752284,0,0.485234912,0.558032377,0,0,0
QPCTL,0.0967196,0,0.512115028,0.516581506,0,0,0
CCDC134,0.09667813,0,0.49974026,0.534905762,0,0,0
NT5DC3,0.096651695,0,0.421298701,0.654233033,0,0,0
FAM149A,0.096608601,0,0.342866903,0.773321832,0,0,1
TMEM205,0.096546887,0,0.325194805,0.799456819,0,0,0
MLANA,0.096424366,0,0.561038961,0.437974012,0,0,0
TSHZ3,0.096175793,0,0.514100185,0.506254977,0,0,0
PDLIM2,0.096126494,0,0.382306494,0.706677287,0,0,0
SUSD1,0.096017755,0,0.472871573,0.567038621,0,0,0
TTLL5,0.095893257,0,0.414973262,0.653706108,0,0,0
HECTD4,0.095844781,0,0.501042672,0.521735393,0,0,1
COBLL1,0.095806167,0,0.455563636,0.590606733,0,0,0
C14orf93,0.095489741,0,0.47038961,0.563739719,0,0,0
PCDHB3,0.095476623,0,0.544805195,0.450024298,0,0,0
TMEM131,0.095272073,0,0.390256494,0.683081595,0,0,0
SAYSD1,0.095265893,0,0.514805195,0.492968809,0,0,0
NEK4,0.095150499,0,0.404064516,0.660382576,0,0,0
GSG1,0.095062671,0,0.506701299,0.502606141,0,0,0
GON4L,0.09445745,0,0.41189942,0.639128037,0,0,0
CLPTM1L,0.094361535,0,0.416305195,0.631118789,0,0,0
PCDHB4,0.094350112,0,0.49572137,0.509796479,0,0,0
STOML1,0.09411472,0,0.369675325,0.698952037,0,0,0
PALD1,0.09407752,0,0.443337662,0.586062707,0,0,0
RARRES1,0.094002803,0,0.53974026,0.437974012,0,0,0
C12orf4,0.093977151,0,0.45212987,0.571301097,0,0,0
CPXM2,0.093918247,0,0.48025,0.527606413,0,0,0
CLUL1,0.093881102,0,0.469756614,0.543118197,0,0,0
JMJD4,0.093781749,0,0.488467532,0.51323678,0,0,0
TEKT2,0.093636421,0,0.587168831,0.36069328,0,0,0
TLDC2,0.093584864,0,0.554718615,0.409512242,0,0,0
TRAPPC13,0.093563707,0,0.46961039,0.539081985,0,0,0
FAM135A,0.093460332,0,0.395679112,0.650495187,0,0,0
PCDHB12,0.093441999,0,0.485479283,0.51323678,0,0,0
NKTR,0.093417234,0,0.370493506,0.688343712,0,0,0
C17orf75,0.093412732,0,0.427792208,0.600859935,0,0,0
EDRF1,0.093356908,0,0.456141002,0.55685771,0,0,0
CCDC18,0.093072078,0,0.578354978,0.366567732,0,0,0
ZNF644,0.09306571,0,0.36637013,0.689917622,0,0,0
DYRK4,0.093002296,0,0.517597922,0.458331204,0,0,0
CDR2L,0.092682814,0,0.367212121,0.683494639,0,0,0
CCDC170,0.092676338,0,0.536850649,0.424582182,0,0,0
CMTM1,0.092501036,0,0.462077922,0.536313993,0,0,0
CCDC181,0.092466482,0,0.478018553,0.511528917,0,0,0
CCDC80,0.092423136,0,0.445640553,0.560347879,0,0,0
SPAG4,0.092342803,0,0.558181818,0.387560294,0,0,0
C1orf198,0.092218338,0,0.263116883,0.836084591,0,0,0
NRDE2,0.09211729,0,0.487111856,0.492968809,0,0,0
SSPN,0.092068123,0,0.345724675,0.708030137,0,0,0
DNPEP,0.091860513,0,0.404073444,0.616218609,0,0,0
CNNM1,0.091828715,0,0.423558442,0.586062707,0,0,0
SLITRK3,0.091587488,0,0.412277056,0.600038073,0,0,0
AVPI1,0.0914333,0,0.396623377,0.621852497,0,0,0
FUBP3,0.091389003,0,0.396233766,0.621852497,0,0,0
OVOL3,0.091369125,0,0.535230224,0.409512242,0,0,0
AVL9,0.091312205,0,0.369328776,0.661872109,0,0,0
VWA5A,0.091276696,0,0.393462537,0.62457357,0,0,0
IQCG,0.091104445,0,0.39238961,0.623899045,0,0,0
KLHDC4,0.090951877,0,0.415241558,0.586985336,0,0,0
FRMPD1,0.090514529,0,0.403928396,0.598377324,0,0,0
GABRQ,0.090511756,0,0.258172784,0.416449434,0,0.043472,1
GLT8D2,0.090430879,0,0.493246753,0.460977517,0,0,0
EXD2,0.090294395,0,0.365728831,0.653706108,0,0,0
GPN3,0.090188288,0,0.431428571,0.552040973,0,0,0
NOL10,0.090029479,0,0.563758594,0.348007624,0,0,0
TMEM40,0.089913828,0,0.543397875,0.37752095,0,0,0
LXN,0.089797942,0,0.43830303,0.536313993,0,0,0
CACTIN,0.08979616,0,0.389295645,0.61106298,0,0,0
TBCCD1,0.089765809,0,0.420779221,0.562619689,0,0,0
OLFM3,0.089730635,0,0.405714286,0.585132955,0,0,0
OCEL1,0.089339577,0,0.420806818,0.55685771,0,0,0
PYROXD2,0.089339328,0,0.425588745,0.549558362,0,0,0
ACRBP,0.089330826,0,0.58961039,0.299188662,0,0,0
PROSER1,0.089228178,0,0.407002051,0.576425375,0,0,0
HAGHL,0.088992121,0,0.365407792,0.636719909,0,0,0
RASL11A,0.088928769,0,0.513766234,0.409512242,0,0,0
DCAF11,0.08865116,0,0.332840445,0.681833891,0,0,0
RPUSD1,0.088441572,0,0.374002361,0.616218609,0,0,0
WWC3,0.088394595,0,0.35438961,0.645512309,0,0,0
CRYBG3,0.088378256,0,0.372506012,0.617651988,0,0,0
ECM2,0.088367287,0,0.40417316,0.56918872,0,0,0
SUCO,0.088332691,0,0.368010823,0.623899045,0,0,0
SIDT1,0.088327145,0,0.419191558,0.545735743,0,0,0
CPED1,0.088239779,0,0.419276269,0.544434083,0,0,0
SBNO2,0.088238202,0,0.387265643,0.593253045,0,0,0
C1orf112,0.088190637,0,0.524883117,0.382645229,0,0,0
STPG1,0.087918907,0,0.406023896,0.560347879,0,0,0
SERTAD4,0.087659578,0,0.589298701,0.277236713,0,0,0
LGALS2,0.087502413,0,0.503896104,0.405430415,0,0,0
COBL,0.087409272,0,0.227319636,0.826166341,0,0,0
TBC1D12,0.087058029,0,0.327203463,0.669055295,0,0,0
BCL11B,0.087039668,0,0,0.711516047,0,0.04909,1
NOA1,0.086902132,0,0.380836364,0.585132955,0,0,0
TARBP1,0.086857474,0,0.361982684,0.613299621,0,0,0
RPAP1,0.086761138,0,0.381453142,0.582299827,0,0,0
MDM1,0.086562753,0,0.386233766,0.572343548,0,0,0
TMEM176A,0.086420785,0,0.316296462,0.677145064,0,0,0
SYNDIG1,0.086358552,0,0.309454545,0.686748956,0,0,0
METRN,0.086292601,0,0.138857143,0.946152466,0,0,0
GNLY,0.086278336,0,0.155069052,0.71213111,0,0.022484,1
LEPROTL1,0.08603063,0,0.296,0.70287661,0,0,0
SPEF1,0.085888991,0,0.451601732,0.463566915,0,0,0
CCDC34,0.08574193,0,0.428450216,0.496916781,0,0,0
THAP3,0.085710923,0,0.348580086,0.618362329,0,0,0
TMCO6,0.085683519,0,0.48012987,0.417282833,0,0,0
MIER2,0.085546392,0,0.34667013,0.619068503,0,0,0
PCDHB2,0.085415295,0,0.454454545,0.452857426,0,0,0
LRIF1,0.085407722,0,0.385454545,0.558032377,0,0,0
PPP4R4,0.085355488,0,0.482337662,0.409512242,0,0,0
OLFML3,0.085251659,0,0.428051948,0.490945192,0,0,0
MTRF1,0.085243538,0,0.427980519,0.490945192,0,0,0
PRR11,0.085035628,0,0.382181818,0.558032377,0,0,0
NUDCD1,0.084935241,0,0.503116883,0.372168852,0,0,0
PHTF1,0.084897423,0,0.370909091,0.573377051,0,0,0
TRO,0.084639185,0,0.314276929,0.656317975,0,0,0
HMGXB3,0.084389247,0,0.322181818,0.640903043,0,0,0
UFSP2,0.084299495,0,0.396761905,0.525908221,0,0,1
DEPDC1,0.084198947,0,0.631168831,0.166913133,0,0,0
CNTLN,0.084173087,0,0.402851461,0.514920757,0,0,0
R3HCC1,0.08417214,0,0.278738817,0.704272595,0,0,0
DCBLD2,0.084044425,0,0.372701299,0.559195694,0,0,0
TRAF3IP3,0.083953275,0,0.460127509,0.424582182,0,0,0
FAM184B,0.083947116,0,0.453400599,0.434763092,0,0,0
MANBAL,0.083894941,0,0.255090909,0.736633432,0,0,0
NKG7,0.083838647,0,0.493471862,0.372168852,0,0,0
PCDHB14,0.083623565,0,0.363151515,0.56811847,0,0,0
RSPH4A,0.083502513,0,0.445335807,0.441101523,0,0,0
AOC1,0.08339604,0,0.525246753,0.31774877,0,0,0
PCDHB6,0.08336227,0,0.446152134,0.437974012,0,0,0
KIAA1549L,0.083355297,0,0.289905999,0.676272579,0,0,0
ITIH5,0.083337882,0,0.341356586,0.597538279,0,0,0
HEMK1,0.083299214,0,0.383000764,0.533480865,0,0,0
ALPK1,0.083059934,0,0.394164502,0.51323678,0,0,0
ZFR2,0.08303594,0,0.337062461,0.600038073,0,0,0
ESF1,0.082979286,0,0.323631169,0.61977056,0,0,0
ZCWPW1,0.082855673,0,0.431941558,0.452857426,0,0,0
CDADC1,0.082786463,0,0.409090909,0.486792974,0,0,0
RAB40AL,0.082644231,0,0.450969697,0.420987814,0,0,0
MYO15A,0.082372462,0,0.488097403,0.36069328,0,0,0
FAM83D,0.082343818,0,0.505454545,0.333826267,0,0,0
BOD1L1,0.082049134,0,0.283148052,0.669055295,0,0,0
MS4A6A,0.081892414,0,0.393329398,0.49884326,0,0,0
PCDHB15,0.081841996,0,0.373053803,0.529102114,0,0,0
MANSC1,0.081658129,0,0.368566706,0.533480865,0,0,0
CNFN,0.0816527,0,0.522077922,0.299188662,0,0,0
N4BP1,0.08155556,0,0.3,0.636719909,0,0,0
URGCP,0.081270408,0,0.263916883,0.687946999,0,0,0
RBFA,0.080956905,0,0.366249351,0.527606413,0,0,0
ABHD12B,0.080503955,0,0.406857143,0.459142968,0,4.60E-05,1
TMEM156,0.079778711,0,0.416737662,0.434763092,0,0,0
ELF4,0.079618593,0,0.337662338,0.553263343,0,0,0
YBX2,0.079485327,0,0.517402597,0.277236713,0,0,0
PYROXD1,0.079429205,0,0.353805195,0.526091898,0,0,0
RMDN2,0.079163248,0,0.350473354,0.527606413,0,0,0
SIAE,0.079138939,0,0.262909091,0.660881138,0,0,0
CPVL,0.079023386,0,0.303408709,0.597538279,0,0,0
RIMBP2,0.07899882,0,0.284596441,0.625911388,0,0,0
RNH1,0.078844296,0,0.207935065,0.740803628,0,0,0
R3HDML,0.078746738,0,0.519220779,0.264551057,0,0,0
PCDHGA2,0.07871807,0,0.336391138,0.543118197,0,0,0
C19orf44,0.07867883,0,0.341428571,0.534905762,0,0,0
SCPEP1,0.078657824,0,0.345047619,0.529102114,0,0,0
PALMD,0.078507322,0,0.331142857,0.548297593,0,0,0
CAPN15,0.078444138,0,0.258779221,0.657858325,0,0,0
S100PBP,0.078333581,0,0.273679654,0.633640397,0,0,0
ARRDC3,0.078215189,0,0.240233766,0.683081595,0,0,0
GPATCH2L,0.078168793,0,0.23014026,0.697859118,0,0,0
TMEM176B,0.078091007,0,0.229937282,0.697124955,0,0,0
ADTRP,0.077882962,0,0.414025974,0.413460215,0,0,0
PCDHB7,0.077441219,0,0.398340548,0.431464191,0,0,0
CLCC1,0.077396765,0,0.258778259,0.643804445,0,0,0
METTL8,0.077266721,0,0.307948052,0.567038621,0,0,0
ERMP1,0.076807565,0,0.317027829,0.547023481,0,0,0
AKNA,0.076620574,0,0.238826299,0.663829915,0,0,0
GZMK,0.076503385,0,0.618181818,0.083456567,0,0,0
DTWD1,0.07648181,0,0.263335065,0.62457357,0,0,0
BCAS4,0.076358902,0,0.287494687,0.586062707,0,0,0
DAP,0.076064337,0,0.214562771,0.69338545,0,0,0
C3orf14,0.07599194,0,0.241682318,0.651036322,0,0,0
CBX7,0.075975226,0,0.138779221,0.807816176,0,0,0
EVA1A,0.075914078,0,0.581001855,0.132275529,0,0,0
ZBED4,0.075739708,0,0.313742424,0.537705943,0,0,0
C20orf85,0.075586894,0,0.491428571,0.264551057,0,0,0
SRRD,0.075585907,0,0.297549784,0.560347879,0,0,0
TMEM245,0.075478057,0,0.191449351,0.720783038,0,0,0
CRYGD,0.075315576,0,0.521038961,0.215732095,0,0,0
DMRT3,0.075238094,0,0.448049587,0.326055675,0,0,0
NOMO1,0.075043628,0,0.47081464,0.288712286,0,0,0
FHL5,0.074899592,0,0.375985832,0.431464191,0,0,0
CPXM1,0.074877123,0,0.494480519,0.2503697,0,0,0
C6orf118,0.074226463,0,0.327166667,0.496916781,0,0,0
OGFR,0.07415113,0,0.204488592,0.683081595,0,0,0
GIMAP2,0.073278583,0,0.329731602,0.480283152,0,0,0
RCAN3,0.072878335,0,0.295194805,0.527606413,0,0,0
TFCP2L1,0.072793113,0,0.386233766,0.387560294,0,0,0
MS4A4A,0.072484893,0,0.268051948,0.563739719,0,0,0
UPK2,0.072450011,0,0.637229437,0,0,0,0
TMEM14A,0.072029987,0,0.183428571,0.686748956,0,0,0
MTG2,0.070879691,0,0.277615858,0.527606413,0,0,0
IQCH,0.070853253,0,0.33612987,0.437974012,0,0,0
FAM83E,0.070724526,0,0.413795264,0.31774877,0,0,0
TMC5,0.070699847,0,0.408133718,0.326055675,0,0,0
C10orf95,0.07050711,0,0.311428571,0.47101686,0,0,0
NEK11,0.069980693,0,0.232619048,0.584195967,0,0,0
LGALS14,0.069914645,0,0.3001443,0.480283152,0,0,0
PMFBP1,0.06963514,0,0.384381494,0.348007624,0,0,0
TSPO2,0.069491667,0,0.374805195,0.36069328,0,0,0
C1orf109,0.069451076,0,0.258431169,0.537705943,0,0,0
NXPE1,0.069445506,0,0.378446932,0.354517446,0,0,0
FAM136A,0.069189009,0,0.225655844,0.584195967,0,0,0
PRICKLE3,0.069131373,0,0.332118226,0.420987814,0,0,0
PPP6R2,0.06827863,0,0.112526256,0.744586213,0,0,0
FAM20A,0.067710144,0,0.355285714,0.366567732,0,0,0
SYNGR4,0.066740636,0,0.587012987,0,0,0,0
CPZ,0.066736134,0,0.4599667,0.193780147,0,0,0
MIIP,0.066687115,0,0.191662338,0.602487019,0,0,0
ASTE1,0.065941226,0,0.235172542,0.526091898,0,0,0
NPM3,0.065669221,0,0.280779221,0.452857426,0,0,0
STON1-GTF2A1L,0.065293836,0,0.392582251,0.277236713,0,0,0
PASK,0.064452615,0,0.230505018,0.51323678,0,0,0
PCDHB8,0.064431892,0,0.271753247,0.450024298,0,0,0
CAAP1,0.064374028,0,0.281246753,0.434763092,0,0,0
C10orf88,0.064225505,0,0.264493506,0.458331204,0,0,0
HMGXB4,0.063980512,0,0.194727273,0.561489142,0,0,0
CASS4,0.063937361,0,0.284078818,0.424582182,0,0,0
INSL6,0.063778952,0,0.229155844,0.506254977,0,0,0
MKI67,0.063542779,0,0.246928565,0.42851253,0,0.005103,1
DLX4,0.063423291,0,0.557835498,0,0,0,0
BEX4,0.063180468,0,0.013558442,0.827170746,0,0,0
FXYD5,0.062779512,0,0.130589827,0.643229731,0,0,0
IMPG2,0.062666497,0,0.361952381,0.288712286,0,0,0
IMPG1,0.062646645,0,0.293896104,0.392282561,0,0,0
RSPH6A,0.062353064,0,0.461726825,0.132275529,0,0,0
CHRAC1,0.062319773,0,0.153781076,0.601676225,0,0,0
ANXA13,0.062240121,0,0.406034632,0.215732095,0,0,0
NME8,0.061695785,0,0.415634632,0.193780147,0,0,0
TRMT2A,0.061178793,0,0.156445269,0.582299827,0,0,0
ZNF831,0.05995139,0,0.258897547,0.409512242,0,0,0
TP53TG5,0.059658164,0,0.229766234,0.450024298,0,0,0
ZNF346,0.059444064,0,0.107948052,0.633014929,0,0,0
TEX14,0.059037488,0,0.355164021,0.2503697,0,0,0
CNTNAP3,0.058983118,0,0.172,0.529102114,0,0,0
DKKL1,0.058838182,0,0.462808658,0.083456567,0,0,0
PTCD2,0.05831063,0,0.207376623,0.466101795,0,0,0
SPINT3,0.058194007,0,0.457142857,0.083456567,0,0,0
TBC1D22A,0.05757885,0,0.097961967,0.62322072,0,0,0
JPH1,0.057099171,0,0.265807792,0.36069328,0,0,0
SWT1,0.055718203,0,0.117711688,0.56811847,0,0,0
LENG1,0.055613282,0,0.362136364,0.193780147,0,0,0
ERICH1,0.054599407,0,0.11840885,0.552040973,0,0,0
GLRX2,0.054453391,0,0.18588961,0.447122896,0,0,0
ADGB,0.053349961,0,0.241146245,0.348007624,0,0,0
CHI3L2,0.053323427,0,0.119350649,0.533480865,0,0,0
NKAIN4,0.053322502,0,0.000233766,0.715210726,0,0,0
TNMD,0.052706731,0,0.376883117,0.132275529,0,0,0
FAM76A,0.052700139,0,0.035766234,0.652645287,0,0,0
FAM50A,0.052202729,0,0.003454545,0.69526972,0,0,0
FSCN3,0.051904954,0,0.456526696,0,0,0,0
EQTN,0.051566884,0,0.213298701,0.366567732,0,0,0
CCDC70,0.050958567,0,0.338805195,0.166913133,0,0,0
C22orf31,0.05091921,0,0.25862987,0.288712286,0,0,0
MISP,0.050534338,0,0.389772727,0.083456567,0,0,0
GSDMB,0.050342963,0,0.223993074,0.333826267,0,0,0
TPSD1,0.050299464,0,0.288846753,0.234292203,0,0,0
ETV2,0.049531074,0,0.308640693,0.193780147,0,0,0
MROH9,0.048798296,0,0.201112366,0.348007624,0,0,0
THEG,0.048077621,0,0.422863636,0,0,0,0
CCDC113,0.045831976,0,0.005116883,0.607240361,0,0,0
POPDC2,0.045003852,0,0.254434137,0.215732095,0,0,0
BCL7A,0.044777711,0,2.60E-05,0.600859935,0,0,0
COMMD2,0.042415125,0,0.017090909,0.543118197,0,0,0
PGC,0.040001338,0,0.224822511,0.193780147,0,0,0
ZNF280C,0.039189249,0,0.040857143,0.463566915,0,0,0
INSL4,0.038553726,0,0.10674026,0.354517446,0,0,0
FAM124B,0.038401604,0,0.083745455,0.387560294,0,0,0
ISM2,0.036172181,0,0.231454545,0.132275529,0,0,0
C3orf52,0.035223945,0,0.168415584,0.215732095,0,0,0
FETUB,0.033055138,0,0.236035543,0.083456567,0,0,0
TTLL2,0.031469883,0,0.276791342,0,0,0,0
TULP2,0.031060038,0,0.131792208,0.215732095,0,0,0
CST7,0.029295404,0,0.01374026,0.372168852,0,0,0
MORC1,0.028499346,0,0.195965368,0.083456567,0,0,0
LRRC31,0.019505394,0,0.171558442,0,0,0,0
PRG4,0.015903404,0,0.139877374,0,0,0,0
FAM209A,0.009296439,0,0.081766234,0,0,0,0
